    {
    "Kepler-296 b": [
        2458592.832721278,
        2458603.697105278,
        2458614.561489278,
        2458625.4258732777,
        2458636.290257278,
        2458647.154641278,
        2458658.019025278,
        2458668.883409278,
        2458679.7477932777,
        2458690.612177278,
        2458701.476561278,
        2458712.340945278,
        2458723.205329278,
        2458734.0697132777,
        2458744.934097278,
        2458755.7984812777,
        2458766.662865278,
        2458777.527249278,
        2458788.3916332778,
        2458799.256017278,
        2458951.357393278,
        2458962.221777278,
        2458973.0861612777,
        2458983.950545278,
        2458994.814929278,
        2459005.679313278,
        2459016.543697278,
        2459027.4080812777
    ],
    "Kepler-296 c": [
        2458584.895920678,
        2458590.737557278,
        2458596.579193878,
        2458602.420830478,
        2458608.262467078,
        2458614.104103678,
        2458619.945740278,
        2458625.787376878,
        2458631.629013478,
        2458637.470650078,
        2458643.312286678,
        2458649.1539232777,
        2458654.9955598777,
        2458660.8371964777,
        2458666.678833078,
        2458672.520469678,
        2458678.362106278,
        2458684.203742878,
        2458690.045379478,
        2458695.887016078,
        2458701.728652678,
        2458707.570289278,
        2458713.411925878,
        2458719.253562478,
        2458725.095199078,
        2458730.936835678,
        2458736.778472278,
        2458742.620108878,
        2458748.4617454777,
        2458754.3033820777,
        2458760.1450186777,
        2458765.986655278,
        2458771.828291878,
        2458777.669928478,
        2458783.511565078,
        2458789.353201678,
        2458795.194838278,
        2458952.9190264777,
        2458958.7606630777,
        2458964.6022996777,
        2458970.443936278,
        2458976.285572878,
        2458982.127209478,
        2458987.968846078,
        2458993.810482678,
        2458999.652119278,
        2459005.493755878,
        2459011.335392478,
        2459017.177029078,
        2459023.018665678,
        2459028.860302278
    ],
    "Kepler-296 d": [
        2458599.252818278,
        2458619.103109278,
        2458638.953400278,
        2458658.8036912777,
        2458678.653982278,
        2458698.5042732777,
        2458718.354564278,
        2458738.2048552777,
        2458758.055146278,
        2458777.905437278,
        2458797.755728278,
        2458956.5580562777,
        2458976.408347278,
        2458996.258638278,
        2459016.108929278
    ],
    "Kepler-296 e": [
        2458588.098625278,
        2458622.240735278,
        2458656.382845278,
        2458690.524955278,
        2458724.6670652777,
        2458758.809175278,
        2458792.951285278,
        2458963.661835278,
        2458997.803945278
    ],
    "Kepler-296 f": [
        2458605.7742552776,
        2458669.110525278,
        2458732.4467952778,
        2458795.7830652776,
        2458985.7918752776
    ],
    "Kepler-62 b": [
        2458575.751365278,
        2458581.4662972777,
        2458587.1812292775,
        2458592.896161278,
        2458598.6110932776,
        2458604.326025278,
        2458610.0409572776,
        2458615.755889278,
        2458621.4708212777,
        2458627.1857532775,
        2458632.900685278,
        2458638.6156172776,
        2458644.330549278,
        2458650.0454812776,
        2458655.760413278,
        2458661.4753452777,
        2458667.1902772775,
        2458672.9052092778,
        2458678.6201412776,
        2458684.335073278,
        2458690.0500052776,
        2458695.764937278,
        2458701.4798692777,
        2458707.1948012775,
        2458712.9097332777,
        2458718.6246652775,
        2458724.339597278,
        2458730.0545292776,
        2458735.769461278,
        2458741.4843932777,
        2458747.199325278,
        2458752.9142572777,
        2458758.6291892775,
        2458764.344121278,
        2458770.0590532776,
        2458775.773985278,
        2458781.4889172777,
        2458787.203849278,
        2458941.5070132776,
        2458947.221945278,
        2458952.9368772777,
        2458958.6518092775,
        2458964.3667412777,
        2458970.0816732775,
        2458975.796605278,
        2458981.5115372776,
        2458987.226469278,
        2458992.9414012777,
        2458998.656333278,
        2459004.3712652777,
        2459010.0861972775,
        2459015.801129278,
        2459021.5160612776,
        2459027.230993278
    ],
    "Kepler-62 c": [
        2458575.743965278,
        2458588.1856652778,
        2458600.627365278,
        2458613.069065278,
        2458625.510765278,
        2458637.9524652776,
        2458650.394165278,
        2458662.835865278,
        2458675.2775652776,
        2458687.719265278,
        2458700.160965278,
        2458712.6026652777,
        2458725.044365278,
        2458737.486065278,
        2458749.9277652777,
        2458762.369465278,
        2458774.811165278,
        2458787.2528652777,
        2458948.994965278,
        2458961.436665278,
        2458973.878365278,
        2458986.3200652776,
        2458998.761765278,
        2459011.203465278,
        2459023.6451652776
    ],
    "Kepler-62 d": [
        2458592.131485278,
        2458610.2955452777,
        2458628.4596052775,
        2458646.623665278,
        2458664.7877252777,
        2458682.9517852776,
        2458701.115845278,
        2458719.279905278,
        2458737.4439652776,
        2458755.608025278,
        2458773.772085278,
        2458955.412685278,
        2458973.5767452777,
        2458991.7408052776,
        2459009.904865278,
        2459028.068925278
    ],
    "Kepler-62 e": [
        2458655.025965278,
        2458777.413365278,
        2459022.1881652777
    ],
    "Kepler-62 f": [
        2458630.2019652775
    ],