{
    "Kepler-296": {
        "b": {
            "limb_dark": "quadratic",
            "u": [
                0.125,
                0.337
            ],
            "a": 34.13421814517466,
            "rp": 0.03082880551962052,
            "inc": 0.0,
            "per": 10.864384,
            "ecc": 0,
            "w": 90,
            "t0": 2454967.7536
        },
        "f": {
            "limb_dark": "quadratic",
            "u": [
                0.125,
                0.337
            ],
            "a": 110.56598612039242,
            "rp": 0.03446831728235351,
            "inc": 0.0,
            "per": 63.33627,
            "ecc": 0,
            "w": 90,
            "t0": 2454995.61161
        },
        "e": {
            "limb_dark": "quadratic",
            "u": [
                0.125,
                0.337
            ],
            "a": 73.2341186993232,
            "rp": 0.029116094101863832,
            "inc": 0.0,
            "per": 34.14211,
            "ecc": 0,
            "w": 90,
            "t0": 2454954.02752
        },
        "d": {
            "limb_dark": "quadratic",
            "u": [
                0.125,
                0.337
            ],
            "a": 51.01499009392303,
            "rp": 0.039820540462843175,
            "inc": 0.0,
            "per": 19.850291,
            "ecc": 0,
            "w": 90,
            "t0": 2454966.65098
        },
        "c": {
            "limb_dark": "quadratic",
            "u": [
                0.125,
                0.337
            ],
            "a": 22.57059004029846,
            "rp": 0.03810782904508648,
            "inc": 0.0,
            "per": 5.8416366,
            "ecc": 0,
            "w": 90,
            "t0": 2454968.92127
        }
    },
    "TRAPPIST-1": {
        "b": {
            "limb_dark": "quadratic",
            "u": [
                0.1,
                0.57
            ],
            "a": 19.896259080318515,
            "rp": 0.08306650376119974,
            "inc": 89.65,
            "per": 1.51087081,
            "ecc": 0,
            "w": 90,
            "t0": 2457322.51765
        },
        "h": {
            "limb_dark": "quadratic",
            "u": [
                0.1,
                0.57
            ],
            "a": 106.71278222335951,
            "rp": 0.05737583249484931,
            "inc": 89.76,
            "per": 18.767,
            "ecc": 0,
            "w": 90,
            "t0": 2457662.55284
        },
        "f": {
            "limb_dark": "quadratic",
            "u": [
                0.1,
                0.57
            ],
            "a": 66.37770313769718,
            "rp": 0.07964108092568635,
            "inc": 89.68,
            "per": 9.20669,
            "ecc": 0,
            "w": 90,
            "t0": 2457671.39767
        },
        "e": {
            "limb_dark": "quadratic",
            "u": [
                0.1,
                0.57
            ],
            "a": 50.44539064404411,
            "rp": 0.07022116812802452,
            "inc": 89.86,
            "per": 6.099615,
            "ecc": 0,
            "w": 90,
            "t0": 2457660.37859
        },
        "c": {
            "limb_dark": "quadratic",
            "u": [
                0.1,
                0.57
            ],
            "a": 27.25094135520534,
            "rp": 0.0804974366345647,
            "inc": 89.67,
            "per": 2.4218233,
            "ecc": 0,
            "w": 90,
            "t0": 2457362.72618
        },
        "d": {
            "limb_dark": "quadratic",
            "u": [
                0.1,
                0.57
            ],
            "a": 38.390933628459486,
            "rp": 0.05908854391260601,
            "inc": 89.75,
            "per": 4.04961,
            "ecc": 0,
            "w": 90,
            "t0": 2457294.7741
        },
        "g": {
            "limb_dark": "quadratic",
            "u": [
                0.1,
                0.57
            ],
            "a": 80.74830752576554,
            "rp": 0.08649192659671315,
            "inc": 89.71,
            "per": 12.35294,
            "ecc": 0,
            "w": 90,
            "t0": 2457665.34937
        }
    },
    "Kepler-62": {
        "b": {
            "limb_dark": "quadratic",
            "u": [
                0.1082,
                0.1483
            ],
            "a": 18.572978606496108,
            "rp": 0.018786303363518757,
            "inc": 89.2,
            "per": 5.714932,
            "ecc": 0,
            "w": 90,
            "t0": 2455003.9189
        },
        "f": {
            "limb_dark": "quadratic",
            "u": [
                0.1082,
                0.1483
            ],
            "a": 241.09992254527495,
            "rp": 0.020231403622250968,
            "inc": 89.9,
            "per": 267.291,
            "ecc": 0,
            "w": 90,
            "t0": 2455422.71
        },
        "e": {
            "limb_dark": "quadratic",
            "u": [
                0.1082,
                0.1483
            ],
            "a": 143.22933849550512,
            "rp": 0.02312160413971539,
            "inc": 89.98,
            "per": 122.3874,
            "ecc": 0,
            "w": 90,
            "t0": 2454983.404
        },
        "d": {
            "limb_dark": "quadratic",
            "u": [
                0.1082,
                0.1483
            ],
            "a": 40.14974569689172,
            "rp": 0.027938605002156097,
            "inc": 89.7,
            "per": 18.16406,
            "ecc": 0,
            "w": 90,
            "t0": 2455013.8117
        },
        "c": {
            "limb_dark": "quadratic",
            "u": [
                0.1082,
                0.1483
            ],
            "a": 31.1980414305733,
            "rp": 0.00770720137990513,
            "inc": 89.7,
            "per": 12.4417,
            "ecc": 0,
            "w": 90,
            "t0": 2454967.651
        }
    }
}