{
    "Kepler-296 b": [
        2458397.273809278,
        2458408.138193278,
        2458419.002577278,
        2458429.866961278,
        2458592.832721278,
        2458603.697105278,
        2458614.561489278,
        2458625.4258732777,
        2458636.290257278,
        2458647.154641278,
        2458658.019025278,
        2458668.883409278,
        2458679.7477932777,
        2458690.612177278,
        2458701.476561278,
        2458712.340945278,
        2458723.205329278,
        2458734.0697132777,
        2458744.934097278,
        2458755.7984812777
    ],
    "Kepler-296 c": [
        2458397.963549478,
        2458403.805186078,
        2458409.646822678,
        2458415.488459278,
        2458421.330095878,
        2458427.171732478,
        2458433.013369078,
        2458584.895920678,
        2458590.737557278,
        2458596.579193878,
        2458602.420830478,
        2458608.262467078,
        2458614.104103678,
        2458619.945740278,
        2458625.787376878,
        2458631.629013478,
        2458637.470650078,
        2458643.312286678,
        2458649.1539232777,
        2458654.9955598777,
        2458660.8371964777,
        2458666.678833078,
        2458672.520469678,
        2458678.362106278,
        2458684.203742878,
        2458690.045379478,
        2458695.887016078,
        2458701.728652678,
        2458707.570289278,
        2458713.411925878,
        2458719.253562478,
        2458725.095199078,
        2458730.936835678,
        2458736.778472278,
        2458742.620108878,
        2458748.4617454777,
        2458754.3033820777
    ],
    "Kepler-296 d": [
        2458400.7499082778,
        2458420.600199278,
        2458599.252818278,
        2458619.103109278,
        2458638.953400278,
        2458658.8036912777,
        2458678.653982278,
        2458698.5042732777,
        2458718.354564278,
        2458738.2048552777
    ],
    "Kepler-296 e": [
        2458417.388075278,
        2458588.098625278,
        2458622.240735278,
        2458656.382845278,
        2458690.524955278,
        2458724.6670652777
    ],
    "Kepler-296 f": [
        2458415.7654452776,
        2458605.7742552776,
        2458669.110525278,
        2458732.4467952778
    ],
    "Kepler-62 b": [
        2458398.5884732776,
        2458404.303405278,
        2458410.0183372777,
        2458415.7332692775,
        2458421.4482012778,
        2458575.751365278,
        2458581.4662972777,
        2458587.1812292775,
        2458592.896161278,
        2458598.6110932776,
        2458604.326025278,
        2458610.0409572776,
        2458615.755889278,
        2458621.4708212777,
        2458627.1857532775,
        2458632.900685278,
        2458638.6156172776,
        2458644.330549278,
        2458650.0454812776,
        2458655.760413278,
        2458661.4753452777,
        2458667.1902772775,
        2458672.9052092778,
        2458678.6201412776,
        2458684.335073278,
        2458690.0500052776,
        2458695.764937278,
        2458701.4798692777,
        2458707.1948012775,
        2458712.9097332777,
        2458718.6246652775,
        2458724.339597278,
        2458730.0545292776,
        2458735.769461278,
        2458741.4843932777,
        2458747.199325278,
        2458752.9142572777
    ],
    "Kepler-62 c": [
        2458401.5601652777,
        2458414.001865278,
        2458575.743965278,
        2458588.1856652778,
        2458600.627365278,
        2458613.069065278,
        2458625.510765278,
        2458637.9524652776,
        2458650.394165278,
        2458662.835865278,
        2458675.2775652776,
        2458687.719265278,
        2458700.160965278,
        2458712.6026652777,
        2458725.044365278,
        2458737.486065278,
        2458749.9277652777
    ],
    "Kepler-62 d": [
        2458410.4908852777,
        2458592.131485278,
        2458610.2955452777,
        2458628.4596052775,
        2458646.623665278,
        2458664.7877252777,
        2458682.9517852776,
        2458701.115845278,
        2458719.279905278,
        2458737.4439652776,
        2458755.608025278
    ],
    "Kepler-62 e": [
        2458410.251165278,
        2458655.025965278
    ],
    "Kepler-62 f": [
        2458630.2019652775
    ],
    "TRAPPIST-1 b": [
        2458416.391020306,
        2458417.901896676,
        2458419.412773046,
        2458420.9236494163,
        2458422.434525786,
        2458423.945402156,
        2458425.456278526,
        2458426.9671548964,
        2458428.478031266,
        2458429.988907636,
        2458431.4997840063,
        2458433.010660376,
        2458434.521536746,
        2458436.032413116,
        2458437.5432894863,
        2458439.054165856,
        2458440.565042226,
        2458442.0759185962,
        2458443.5867949664,
        2458445.097671336,
        2458446.608547706,
        2458448.1194240763,
        2458449.630300446,
        2458451.141176816,
        2458452.652053186,
        2458454.1629295563,
        2458455.673805926,
        2458457.184682296,
        2458458.6955586663,
        2458460.206435036,
        2458461.717311406,
        2458463.228187776,
        2458464.7390641463,
        2458636.978970326,
        2458638.489846696,
        2458640.0007230663,
        2458641.511599436,
        2458643.022475806,
        2458644.533352176,
        2458646.0442285463,
        2458647.555104916,
        2458649.065981286,
        2458650.5768576562,
        2458652.0877340264,
        2458653.598610396,
        2458655.109486766,
        2458656.6203631363,
        2458658.131239506,
        2458659.642115876,
        2458661.152992246,
        2458662.6638686163,
        2458664.174744986,
        2458665.685621356,
        2458667.1964977263,
        2458668.707374096,
        2458670.218250466,
        2458671.729126836,
        2458673.2400032063,
        2458674.750879576,
        2458676.261755946,
        2458677.772632316,
        2458679.2835086863,
        2458680.794385056,
        2458682.305261426,
        2458683.8161377963,
        2458685.327014166,
        2458686.837890536
    ],
    "TRAPPIST-1 c": [
        2458416.2146697063,
        2458418.636477166,
        2458421.058284626,
        2458423.480092086,
        2458425.901899546,
        2458428.323707006,
        2458430.745514466,
        2458433.167321926,
        2458435.589129386,
        2458438.010936846,
        2458440.432744306,
        2458442.854551766,
        2458445.276359226,
        2458447.698166686,
        2458450.119974146,
        2458452.541781606,
        2458454.963589066,
        2458457.385396526,
        2458459.807203986,
        2458462.2290114462,
        2458464.6508189063,
        2458636.599148566,
        2458639.020956026,
        2458641.442763486,
        2458643.864570946,
        2458646.286378406,
        2458648.708185866,
        2458651.129993326,
        2458653.551800786,
        2458655.973608246,
        2458658.395415706,
        2458660.817223166,
        2458663.239030626,
        2458665.660838086,
        2458668.082645546,
        2458670.504453006,
        2458672.926260466,
        2458675.3480679262,
        2458677.7698753863,
        2458680.1916828463,
        2458682.6134903063,
        2458685.035297766,
        2458687.457105226
    ],